candidateId	standardScenarioId	profiles	methodClass	sourceRefs	provenanceClass	sourceStatus	riskClass	actionDisposition	currentAuthorityVerified	dedupGroup
EXT2-CHME3-DIAG-001	CHME3-DIAG-001	chme3-base	EMERGENCY_START_BYPASS	ST2-SRC-CHME3-SUKHONOSOV-2006|ST2-SRC-CHME3-BAV-FORMULARY	HISTORICAL_TRAINING	HISTORICAL_REFERENCE	HIGH_ELECTRICAL	PROHIBITED	false	CHME3-DIAG-001-METHOD
EXT2-CHME3-DIAG-002	CHME3-DIAG-002	chme3-base	FIELD_LOCALIZATION	ST2-SRC-CHME3-OLTEP-DIESEL	FIELD_PRACTICE	FIELD_PRACTICE_UNVERIFIED	ELEVATED_MECHANICAL	INFORMATION_ONLY	false	CHME3-DIAG-002-METHOD
EXT2-CHME3-DIAG-003	CHME3-DIAG-003	chme3-base	GOVERNOR_MANUAL_INTERVENTION	ST2-SRC-CHME3-OLTEP-DIESEL	FIELD_PRACTICE	FIELD_PRACTICE_UNVERIFIED	MECHANICAL_EMERGENCY	PROHIBITED	false	CHME3-DIAG-003-METHOD
EXT2-CHME3-DIAG-004	CHME3-DIAG-004	chme3-base	CONTROL_CHAIN_LOCALIZATION	ST2-SRC-CHME3-SCBIST-2023	HISTORICAL_TRAINING	TRAINING_REFERENCE	ELEVATED	INFORMATION_ONLY	false	CHME3-DIAG-004-METHOD
EXT2-CHME3-DIAG-005	CHME3-DIAG-005	chme3-base	FORCED_CONTROL_INTERVENTION	ST2-SRC-CHME3-LEGACY-COPY	HISTORICAL_TRAINING	PROVENANCE_CONFLICT	MECHANICAL_EMERGENCY	PROHIBITED	false	CHME3-DIAG-005-METHOD
EXT2-CHME3-DIAG-006	CHME3-DIAG-006	chme3-base	LOAD_DROOP_LOCALIZATION	ST2-SRC-CHME3-OLTEP-DIESEL	FIELD_PRACTICE	FIELD_PRACTICE_UNVERIFIED	ELEVATED_MECHANICAL	INFORMATION_ONLY	false	CHME3-DIAG-006-METHOD
EXT2-CHME3-DIAG-007	CHME3-DIAG-007	chme3-base	TURBO_MANUAL_INTERVENTION	ST2-SRC-CHME3-OLTEP-DIESEL	FIELD_PRACTICE	FIELD_PRACTICE_UNVERIFIED	HIGH_ROTATING_MECHANISM	PROHIBITED	false	CHME3-DIAG-007-METHOD
EXT2-CHME3-DIAG-008	CHME3-DIAG-008	chme3-base	TEMPORARY_OPERATING_LIMIT	ST2-SRC-CHME3-996-CDOCKA	ARCHIVED_OFFICIAL	SECONDARY_REQUIRES_PRIMARY_ITEM_CHECK	ELEVATED	INFORMATION_ONLY	false	CHME3-DIAG-008-METHOD
EXT2-CHME3-DIAG-009	CHME3-DIAG-009	chme3-base	FUEL_PRIME_RECOVERY_DIAGNOSTIC	ST2-SRC-CHME3-996-SDO|ST2-SRC-CHME3-SCBIST-PAM	ARCHIVED_OFFICIAL	SECONDARY_REQUIRES_PRIMARY_ITEM_CHECK	ELEVATED	INFORMATION_ONLY	false	CHME3-DIAG-009-METHOD
EXT2-CHME3-DIAG-010	CHME3-DIAG-010	chme3-base	FLUID_CONTAMINATION_LOCALIZATION	ST2-SRC-CHME3-OLTEP-DIESEL	FIELD_PRACTICE	FIELD_PRACTICE_UNVERIFIED	ELEVATED_MECHANICAL	INFORMATION_ONLY	false	CHME3-DIAG-010-METHOD
EXT2-CHME3-DIAG-011	CHME3-DIAG-011	chme3-base	FLUID_CROSS_CONTAMINATION	ST2-SRC-CHME3-OLTEP-DIESEL	FIELD_PRACTICE	FIELD_PRACTICE_UNVERIFIED	ELEVATED_MECHANICAL	INFORMATION_ONLY	false	CHME3-DIAG-011-METHOD
EXT2-CHME3-DIAG-012	CHME3-DIAG-012	chme3-base	FORCED_COOLING_RECOVERY	ST2-SRC-CHME3-SCBIST-2020|ST2-SRC-CHME3-996-CDOCKA	FIELD_PRACTICE	FIELD_PRACTICE	HIGH_MECHANICAL	PROHIBITED	false	CHME3-DIAG-012-METHOD
EXT2-CHME3-DIAG-101	CHME3-DIAG-101	chme3-base	CONTROL_CONTACTOR_BYPASS	ST2-SRC-CHME3-SUKHONOSOV-2006|ST2-SRC-CHME3-BAV-FORMULARY	HISTORICAL_TRAINING	HISTORICAL_REFERENCE	HIGH_ELECTRICAL	PROHIBITED	false	CHME3-DIAG-101-METHOD
EXT2-CHME3-DIAG-102	CHME3-DIAG-102	chme3-base	RELAY_BYPASS	ST2-SRC-CHME3-LEGACY-COPY	HISTORICAL_TRAINING	PROVENANCE_CONFLICT	HIGH_ELECTRICAL	PROHIBITED	false	CHME3-DIAG-102-METHOD
EXT2-CHME3-DIAG-103	CHME3-DIAG-103	chme3-base	RELAY_CHAIN_LOCALIZATION	ST2-SRC-CHME3-996-SDO|ST2-SRC-CHME3-SCBIST-2023	ARCHIVED_OFFICIAL	SECONDARY_REQUIRES_PRIMARY_ITEM_CHECK	ELEVATED	INFORMATION_ONLY	false	CHME3-DIAG-103-METHOD
EXT2-CHME3-DIAG-104	CHME3-DIAG-104	chme3-base	TRACTION_CONTACTOR_BYPASS	ST2-SRC-CHME3-SUKHONOSOV-2006|ST2-SRC-CHME3-BAV-FORMULARY	HISTORICAL_TRAINING	HISTORICAL_REFERENCE	HIGH_ELECTRICAL	PROHIBITED	false	CHME3-DIAG-104-METHOD
EXT2-CHME3-DIAG-105	CHME3-DIAG-105	chme3-base	FIELD_WEAKENING_BYPASS	ST2-SRC-CHME3-SCBIST-2018	HISTORICAL_TRAINING	TRAINING_REFERENCE	HIGH_ELECTRICAL	PROHIBITED	false	CHME3-DIAG-105-METHOD
EXT2-CHME3-DIAG-106	CHME3-DIAG-106	chme3-base	START_CONTACTOR_INTERVENTION	ST2-SRC-CHME3-SCBIST-2020|ST2-SRC-CHME3-LEGACY-COPY	FIELD_PRACTICE	FIELD_PRACTICE	HIGH_ELECTRICAL	PROHIBITED	false	CHME3-DIAG-106-METHOD
EXT2-CHME3-DIAG-107	CHME3-DIAG-107	chme3-base	CHARGING_SYSTEM_LOCALIZATION	ST2-SRC-CHME3-SCBIST-PAM	FIELD_PRACTICE	FIELD_PRACTICE	ELEVATED_ELECTRICAL	INFORMATION_ONLY	false	CHME3-DIAG-107-METHOD
EXT2-CHME3-DIAG-108	CHME3-DIAG-108	chme3-base	VOLTAGE_REGULATOR_LOCALIZATION	ST2-SRC-CHME3-SCBIST-PAM	FIELD_PRACTICE	FIELD_PRACTICE	ELEVATED_ELECTRICAL	INFORMATION_ONLY	false	CHME3-DIAG-108-METHOD
EXT2-CHME3-DIAG-109	CHME3-DIAG-109	chme3-base	EMERGENCY_TRACTION_SCHEME	ST2-SRC-CHME3-OLTEP-ELECTRICAL|ST2-SRC-CHME3-COLLECTION	FIELD_PRACTICE	FIELD_PRACTICE_UNVERIFIED	HIGH_ELECTRICAL	PROHIBITED	false	CHME3-DIAG-109-METHOD
EXT2-CHME3-DIAG-110	CHME3-DIAG-110	chme3t-rheostatic	CHME3T_EDB_TROUBLESHOOTING	ST2-SRC-CHME3T-EDB-1997|ST2-SRC-CHME3T-SCHEMES	HISTORICAL_TRAINING	PROFILE_SPECIFIC_TECHNICAL_REFERENCE	ELEVATED_BRAKE	INFORMATION_ONLY	false	CHME3-DIAG-110-METHOD
EXT2-CHME3-DIAG-201	CHME3-DIAG-201	chme3-base	COMPRESSOR_DRIVE_OVERRIDE	ST2-SRC-CHME3-OLTEP-DIESEL|ST2-SRC-CHME3-SCBIST-2020	FIELD_PRACTICE	FIELD_PRACTICE_UNVERIFIED	HIGH_ROTATING_MECHANISM	PROHIBITED	false	CHME3-DIAG-201-METHOD
EXT2-CHME3-DIAG-202	CHME3-DIAG-202	chme3-base	COMPRESSOR_UNLOAD_LOCALIZATION	ST2-SRC-CHME3-SCBIST-PAM	FIELD_PRACTICE	FIELD_PRACTICE	BRAKE_SAFETY	INFORMATION_ONLY	false	CHME3-DIAG-202-METHOD
EXT2-CHME3-DIAG-203	CHME3-DIAG-203	chme3-base	AIR_LEAK_LOCALIZATION	ST2-SRC-CHME3-SCBIST-PAM	FIELD_PRACTICE	FIELD_PRACTICE	BRAKE_SAFETY	INFORMATION_ONLY	false	CHME3-DIAG-203-METHOD
EXT2-CHME3-DIAG-204	CHME3-DIAG-204	chme3-base	BRAKE_NO_RELEASE_LOCALIZATION	ST2-SRC-CHME3-SCBIST-PAM	FIELD_PRACTICE	FIELD_PRACTICE	BRAKE_SAFETY	INFORMATION_ONLY	false	CHME3-DIAG-204-METHOD
EXT2-CHME3-DIAG-205	CHME3-DIAG-205	chme3-base	SPONTANEOUS_BRAKE_LOCALIZATION	ST2-SRC-CHME3-SCBIST-PAM	FIELD_PRACTICE	FIELD_PRACTICE	BRAKE_SAFETY	INFORMATION_ONLY	false	CHME3-DIAG-205-METHOD
EXT2-CHME3-DIAG-206	CHME3-DIAG-206	chme3-base	FORCED_COOLING_ACTUATION	ST2-SRC-CHME3-SCBIST-2020	FIELD_PRACTICE	FIELD_PRACTICE	HIGH_MECHANICAL	PROHIBITED	false	CHME3-DIAG-206-METHOD
EXT2-CHME3-DIAG-207	CHME3-DIAG-207	chme3-base	PNEUMATIC_CONTROL_LOCALIZATION	ST2-SRC-CHME3-SCBIST-PAM	FIELD_PRACTICE	FIELD_PRACTICE	ELEVATED	INFORMATION_ONLY	false	CHME3-DIAG-207-METHOD
EXT2-CHME3-DIAG-208	CHME3-DIAG-208	chme3-base	SANDING_LOCALIZATION	ST2-SRC-CHME3-SCBIST-2020	FIELD_PRACTICE	FIELD_PRACTICE	NORMAL	INFORMATION_ONLY	false	CHME3-DIAG-208-METHOD
EXT2-CHME3-DIAG-301	CHME3-DIAG-301	chme3-base	ELECTRIC_MACHINE_LOCALIZATION	ST2-SRC-CHME3-SCBIST-PAM|ST2-SRC-CHME3-SCBIST-2018	FIELD_PRACTICE	FIELD_PRACTICE	ELEVATED_ELECTRICAL	INFORMATION_ONLY	false	CHME3-DIAG-301-METHOD
EXT2-CHME3-DIAG-302	CHME3-DIAG-302	chme3-base	TRACTION_MOTOR_LOCALIZATION	ST2-SRC-CHME3-SCBIST-PAM	FIELD_PRACTICE	FIELD_PRACTICE	ELEVATED_ELECTRICAL	INFORMATION_ONLY	false	CHME3-DIAG-302-METHOD
EXT2-CHME3-DIAG-303	CHME3-DIAG-303	chme3-base	PROTECTION_BYPASS	ST2-SRC-CHME3-OLTEP-ELECTRICAL|ST2-SRC-CHME3-SCBIST-2018	FIELD_PRACTICE	FIELD_PRACTICE_UNVERIFIED	HIGH_ELECTRICAL	PROHIBITED	false	CHME3-DIAG-303-METHOD
EXT2-CHME3-DIAG-304	CHME3-DIAG-304	chme3-base	REVERSER_MANUAL_OVERRIDE	ST2-SRC-CHME3-SCBIST-2020|ST2-SRC-CHME3-BAV-FORMULARY	FIELD_PRACTICE	FIELD_PRACTICE	HIGH_ELECTRICAL_MECHANICAL	PROHIBITED	false	CHME3-DIAG-304-METHOD
EXT2-CHME3-DIAG-305	CHME3-DIAG-305	chme3-base	DIRECTION_CHAIN_LOCALIZATION	ST2-SRC-CHME3-SCBIST-2023|ST2-SRC-CHME3-BAV-FORMULARY	HISTORICAL_TRAINING	TRAINING_REFERENCE	ELEVATED_ELECTRICAL	INFORMATION_ONLY	false	CHME3-DIAG-305-METHOD
EXT2-CHME3-DIAG-306	CHME3-DIAG-306	chme3-base	CONTACTOR_CHATTER_LOCALIZATION	ST2-SRC-CHME3-SCBIST-2018	HISTORICAL_TRAINING	TRAINING_REFERENCE	ELEVATED_ELECTRICAL	INFORMATION_ONLY	false	CHME3-DIAG-306-METHOD
EXT2-CHME3-DIAG-307	CHME3-DIAG-307	chme3-base	BATTERY_START_LOCALIZATION	ST2-SRC-CHME3-SUKHONOSOV-2006	HISTORICAL_TRAINING	HISTORICAL_REFERENCE	ELEVATED_ELECTRICAL	INFORMATION_ONLY	false	CHME3-DIAG-307-METHOD
EXT2-CHME3-DIAG-308	CHME3-DIAG-308	chme3-base	FUEL_PRESSURE_LOCALIZATION	ST2-SRC-CHME3-OLTEP-DIESEL	FIELD_PRACTICE	FIELD_PRACTICE_UNVERIFIED	ELEVATED_MECHANICAL	INFORMATION_ONLY	false	CHME3-DIAG-308-METHOD
EXT2-CHME3-DIAG-309	CHME3-DIAG-309	chme3-base	CYLINDER_FAULT_LOCALIZATION	ST2-SRC-CHME3-OLTEP-DIESEL|ST2-SRC-CHME3-SCBIST-PAM	FIELD_PRACTICE	FIELD_PRACTICE_UNVERIFIED	ELEVATED_MECHANICAL	INFORMATION_ONLY	false	CHME3-DIAG-309-METHOD
EXT2-CHME3-DIAG-310	CHME3-DIAG-310	chme3-base	ENGINE_KNOCK_LOCALIZATION	ST2-SRC-CHME3-SCBIST-PAM	FIELD_PRACTICE	FIELD_PRACTICE	MECHANICAL_EMERGENCY	INFORMATION_ONLY	false	CHME3-DIAG-310-METHOD
EXT2-CHME3-DIAG-311	CHME3-DIAG-311	chme3-base	EXHAUST_SMOKE_LOCALIZATION	ST2-SRC-CHME3-NOTIK-1996-WEB|ST2-SRC-CHME3-OLTEP-DIESEL	HISTORICAL_TRAINING	TRAINING_REFERENCE	ELEVATED_MECHANICAL	INFORMATION_ONLY	false	CHME3-DIAG-311-METHOD
EXT2-CHME3-DIAG-312	CHME3-DIAG-312	chme3-base	TURBO_EMERGENCY_INTERVENTION	ST2-SRC-CHME3-OLTEP-DIESEL	FIELD_PRACTICE	FIELD_PRACTICE_UNVERIFIED	HIGH_ROTATING_MECHANISM	PROHIBITED	false	CHME3-DIAG-312-METHOD
EXT2-CHME3-DIAG-313	CHME3-DIAG-313	chme3-base	HOT_OIL_PRESSURE_LOCALIZATION	ST2-SRC-CHME3-SCBIST-PAM|ST2-SRC-CHME3-996-CDOCKA	FIELD_PRACTICE	FIELD_PRACTICE	ELEVATED_MECHANICAL	INFORMATION_ONLY	false	CHME3-DIAG-313-METHOD
EXT2-CHME3-DIAG-314	CHME3-DIAG-314	chme3-base	OIL_OVERHEAT_LOCALIZATION	ST2-SRC-CHME3-NOTIK-1996-WEB	HISTORICAL_TRAINING	TRAINING_REFERENCE	ELEVATED_THERMAL	INFORMATION_ONLY	false	CHME3-DIAG-314-METHOD
EXT2-CHME3-DIAG-315	CHME3-DIAG-315	chme3-base	COOLANT_LEAK_LOCALIZATION	ST2-SRC-CHME3-NOTIK-1996-WEB|ST2-SRC-CHME3-OLTEP-DIESEL	HISTORICAL_TRAINING	TRAINING_REFERENCE	ELEVATED_THERMAL	INFORMATION_ONLY	false	CHME3-DIAG-315-METHOD
EXT2-CHME3-DIAG-316	CHME3-DIAG-316	chme3-base	COOLING_FAN_OVERRIDE	ST2-SRC-CHME3-SCBIST-2020|ST2-SRC-CHME3-OLTEP-DIESEL	FIELD_PRACTICE	FIELD_PRACTICE	HIGH_MECHANICAL	PROHIBITED	false	CHME3-DIAG-316-METHOD
EXT2-CHME3-DIAG-317	CHME3-DIAG-317	chme3-base	COMPRESSOR_MECHANICAL_LOCALIZATION	ST2-SRC-CHME3-SCBIST-2020|ST2-SRC-CHME3-OLTEP-DIESEL	FIELD_PRACTICE	FIELD_PRACTICE	BRAKE_SAFETY	INFORMATION_ONLY	false	CHME3-DIAG-317-METHOD
EXT2-CHME3-DIAG-318	CHME3-DIAG-318	chme3-base	BRAKE_CYLINDER_LOCALIZATION	ST2-SRC-CHME3-SCBIST-PAM	FIELD_PRACTICE	FIELD_PRACTICE	BRAKE_SAFETY	INFORMATION_ONLY	false	CHME3-DIAG-318-METHOD
EXT2-CHME3-DIAG-321	CHME3-DIAG-321	chme3-base	EMERGENCY_START_MANUAL_ACTUATION	ST2-SRC-CHME3-996-CDOCKA	ARCHIVED_OFFICIAL	SECONDARY_REQUIRES_PRIMARY_ITEM_CHECK	HIGH_ELECTRICAL	PROHIBITED	false	CHME3-DIAG-321-METHOD
EXT2-CHME3-DIAG-322	CHME3-DIAG-322	chme3-base	CONTROLLER_POSITION_FAULT	ST2-SRC-CHME3-996-CDOCKA	ARCHIVED_OFFICIAL	SECONDARY_REQUIRES_PRIMARY_ITEM_CHECK	ELEVATED	INFORMATION_ONLY	false	CHME3-DIAG-322-METHOD
EXT2-CHME3-DIAG-323	CHME3-DIAG-323	chme3-base	TRACTION_PERMISSION_BYPASS	ST2-SRC-CHME3-996-CDOCKA	ARCHIVED_OFFICIAL	SECONDARY_REQUIRES_PRIMARY_ITEM_CHECK	HIGH_ELECTRICAL	PROHIBITED	false	CHME3-DIAG-323-METHOD
EXT2-CHME3-DIAG-324	CHME3-DIAG-324	chme3-base	START_HOLD_OVERRIDE	ST2-SRC-CHME3-996-CDOCKA	ARCHIVED_OFFICIAL	SECONDARY_REQUIRES_PRIMARY_ITEM_CHECK	HIGH_ELECTRICAL	PROHIBITED	false	CHME3-DIAG-324-METHOD
EXT2-CHME3-DIAG-325	CHME3-DIAG-325	chme3-base	LOUVER_ACTUATOR_OVERRIDE	ST2-SRC-CHME3-996-CDOCKA	ARCHIVED_OFFICIAL	SECONDARY_REQUIRES_PRIMARY_ITEM_CHECK	HIGH_MECHANICAL	PROHIBITED	false	CHME3-DIAG-325-METHOD
EXT2-CHME3-DIAG-326	CHME3-DIAG-326	chme3-base	RU3_CONTACT_CHAIN_LOCALIZATION	ST2-SRC-CHME3-996-CDOCKA	ARCHIVED_OFFICIAL	SECONDARY_REQUIRES_PRIMARY_ITEM_CHECK	ELEVATED	INFORMATION_ONLY	false	CHME3-DIAG-326-METHOD
EXT2-TEM2-DIAG-001	TEM2-DIAG-001	tem2-base	EMERGENCY_START_ALTERNATIVE	ST2-SRC-TEM2-BOOKSITE-1971|ST2-SRC-TEM2-TECHTRAIN-2020	HISTORICAL_TRAINING	HISTORICAL_REFERENCE	HIGH_ELECTRICAL	PROHIBITED	false	TEM2-DIAG-001-METHOD
EXT2-TEM2-DIAG-002	TEM2-DIAG-002	tem2-base	SLOW_CRANK_LOCALIZATION	ST2-SRC-TEM2-KOVALEV-1980	MANUFACTURER_EXTENDED	HISTORICAL_FACTORY_REFERENCE	ELEVATED_ELECTRICAL	INFORMATION_ONLY	false	TEM2-DIAG-002-METHOD
EXT2-TEM2-DIAG-003	TEM2-DIAG-003	tem2-base	POST_START_STALL_LOCALIZATION	ST2-SRC-TEM2-VPOEZDKU-2017	FIELD_PRACTICE	FIELD_PRACTICE_UNVERIFIED	ELEVATED_MECHANICAL	INFORMATION_ONLY	false	TEM2-DIAG-003-METHOD
EXT2-TEM2-DIAG-004	TEM2-DIAG-004	tem2-base	START_CIRCUIT_RELEASE_INTERVENTION	ST2-SRC-TEM2-KOVALEV-1980|ST2-SRC-TEM2-SCBIST-2009	MANUFACTURER_EXTENDED	HISTORICAL_FACTORY_REFERENCE	HIGH_ELECTRICAL	PROHIBITED	false	TEM2-DIAG-004-METHOD
EXT2-TEM2-DIAG-005	TEM2-DIAG-005	tem2-base	ENGINE_EMERGENCY_STOP_REFERENCE	ST2-SRC-TEM2-KOVALEV-1980|ST2-SRC-TEM2-NOTIK-1980	MANUFACTURER_EXTENDED	HISTORICAL_FACTORY_REFERENCE	MECHANICAL_EMERGENCY	INFORMATION_ONLY	false	TEM2-DIAG-005-METHOD
EXT2-TEM2-DIAG-006	TEM2-DIAG-006	tem2-base	UNEXPECTED_STOP_LOCALIZATION	ST2-SRC-TEM2-VPOEZDKU-2017|ST2-SRC-TEM2-SCBIST-2009	FIELD_PRACTICE	FIELD_PRACTICE_UNVERIFIED	ELEVATED_MECHANICAL	INFORMATION_ONLY	false	TEM2-DIAG-006-METHOD
EXT2-TEM2-DIAG-007	TEM2-DIAG-007	tem2-base	CHARGING_SYSTEM_LOCALIZATION	ST2-SRC-TEM2-KOVALEV-1980|ST2-SRC-TEM2-NOTIK-1980	MANUFACTURER_EXTENDED	HISTORICAL_FACTORY_REFERENCE	ELEVATED_ELECTRICAL	INFORMATION_ONLY	false	TEM2-DIAG-007-METHOD
EXT2-TEM2-DIAG-008	TEM2-DIAG-008	tem2-base	TRACTION_CONTACTOR_OVERRIDE	ST2-SRC-TEM2-VUNIVERE|ST2-SRC-TEM2-TECHTRAIN-2020	FIELD_PRACTICE	UNVERIFIED_COPY	HIGH_ELECTRICAL	PROHIBITED	false	TEM2-DIAG-008-METHOD
EXT2-TEM2-DIAG-009	TEM2-DIAG-009	tem2-base	GROUND_PROTECTION_BYPASS	ST2-SRC-TEM2-SCBIST-2009	FIELD_PRACTICE	FIELD_PRACTICE	HIGH_ELECTRICAL	PROHIBITED	false	TEM2-DIAG-009-METHOD
EXT2-TEM2-DIAG-010	TEM2-DIAG-010	tem2-base	WHEEL_SLIP_PROTECTION_BYPASS	ST2-SRC-TEM2-VUNIVERE	FIELD_PRACTICE	UNVERIFIED_COPY	HIGH_ELECTRICAL	PROHIBITED	false	TEM2-DIAG-010-METHOD
EXT2-TEM2-DIAG-011	TEM2-DIAG-011	tem2-base	REVERSER_DIRECTION_LOCALIZATION	ST2-SRC-TEM2-VUNIVERE	FIELD_PRACTICE	UNVERIFIED_COPY	ELEVATED_ELECTRICAL	INFORMATION_ONLY	false	TEM2-DIAG-011-METHOD
EXT2-TEM2-DIAG-012	TEM2-DIAG-012	tem2-base	FIELD_WEAKENING_OVERRIDE	ST2-SRC-TEM2-SCBIST-2009	FIELD_PRACTICE	FIELD_PRACTICE	HIGH_ELECTRICAL	PROHIBITED	false	TEM2-DIAG-012-METHOD
EXT2-TEM2-DIAG-013	TEM2-DIAG-013	tem2-base	FIELD_WEAKENING_UNSTABLE_LOCALIZATION	ST2-SRC-TEM2-SCBIST-2009	FIELD_PRACTICE	FIELD_PRACTICE	ELEVATED_TRACTION	INFORMATION_ONLY	false	TEM2-DIAG-013-METHOD
EXT2-TEM2-DIAG-014	TEM2-DIAG-014	tem2-base	DIESEL_SPEED_CONTROL_LOCALIZATION	ST2-SRC-TEM2-TECHTRAIN-2020|ST2-SRC-TEM2-VUNIVERE	FIELD_PRACTICE	REPOST_UNVERIFIED	ELEVATED_MECHANICAL	INFORMATION_ONLY	false	TEM2-DIAG-014-METHOD
EXT2-TEM2-DIAG-015	TEM2-DIAG-015	tem2-base	TRACTION_POWER_LOCALIZATION	ST2-SRC-TEM2-TECHTRAIN-2020|ST2-SRC-TEM2-SCBIST-2009	FIELD_PRACTICE	REPOST_UNVERIFIED	ELEVATED_TRACTION	INFORMATION_ONLY	false	TEM2-DIAG-015-METHOD
EXT2-TEM2-DIAG-016	TEM2-DIAG-016	tem2-base	COMPRESSOR_UNLOAD_REPAIR_REFERENCE	ST2-SRC-TEM2-KOVALEV-1980	MANUFACTURER_EXTENDED	HISTORICAL_FACTORY_REFERENCE	SAFETY_CRITICAL_PNEUMATIC	INFORMATION_ONLY	false	TEM2-DIAG-016-METHOD
EXT2-TEM2-DIAG-017	TEM2-DIAG-017	tem2-base	COMPRESSOR_LOW_OUTPUT_LOCALIZATION	ST2-SRC-TEM2-KOVALEV-1980	MANUFACTURER_EXTENDED	HISTORICAL_FACTORY_REFERENCE	SAFETY_CRITICAL_PNEUMATIC	INFORMATION_ONLY	false	TEM2-DIAG-017-METHOD
EXT2-TEM2-DIAG-018	TEM2-DIAG-018	tem2-base	BRAKE_PRESSURE_DRIFT_REPAIR_REFERENCE	ST2-SRC-BRAKE-3508R-2022|ST2-SRC-TEM2-KOVALEV-1980	ARCHIVED_OFFICIAL	OFFICIAL_REPAIR_REFERENCE	SAFETY_CRITICAL_BRAKE	INFORMATION_ONLY	false	TEM2-DIAG-018-METHOD
EXT2-TEM2-DIAG-019	TEM2-DIAG-019	tem2-base	INDEPENDENT_BRAKE_NO_APPLY_REPAIR_REFERENCE	ST2-SRC-BRAKE-3508R-2022|ST2-SRC-TEM2-KOVALEV-1980	ARCHIVED_OFFICIAL	OFFICIAL_REPAIR_REFERENCE	SAFETY_CRITICAL_BRAKE	INFORMATION_ONLY	false	TEM2-DIAG-019-METHOD
EXT2-TEM2-DIAG-020	TEM2-DIAG-020	tem2-base	INDEPENDENT_BRAKE_NO_RELEASE_REPAIR_REFERENCE	ST2-SRC-BRAKE-3508R-2022|ST2-SRC-TEM2-KOVALEV-1980	ARCHIVED_OFFICIAL	OFFICIAL_REPAIR_REFERENCE	SAFETY_CRITICAL_BRAKE	INFORMATION_ONLY	false	TEM2-DIAG-020-METHOD
EXT2-TEM2-DIAG-021	TEM2-DIAG-021	tem2-base	COOLING_PROTECTION_OVERRIDE	ST2-SRC-TEM2-NOTIK-1980|ST2-SRC-TEM2-SCBIST-2009	HISTORICAL_TRAINING	TRAINING_REFERENCE	HIGH_THERMAL	PROHIBITED	false	TEM2-DIAG-021-METHOD
EXT2-TEM2-DIAG-024-TEM2	TEM2-DIAG-024	tem2-base	EMERGENCY_FUEL_SUPPLY	ST2-SRC-TEM2-VPOEZDKU-2017|ST2-SRC-TEM2-INGENERYI	FIELD_PRACTICE	FIELD_PRACTICE_UNVERIFIED	ELEVATED_MECHANICAL	INFORMATION_ONLY	false	TEM2-DIAG-024-TEM2
EXT2-TEM2-DIAG-024-TEM2U	TEM2-DIAG-024	tem2u-improved	EMERGENCY_FUEL_SUPPLY	ST2-SRC-TEM2U-PUBDOC|ST2-SRC-TEM2U-MANUAL-1988-WEB	MANUFACTURER_EXTENDED	DISCOVERY_ONLY_MIRROR	ELEVATED_MECHANICAL	INFORMATION_ONLY	false	TEM2-DIAG-024-TEM2U
