id	title	url	domain	sourceType	provenanceClass	sourceStatus	era	profiles	mirrorGroup	authority	currentAuthorityVerified
ST2-SRC-RZD-IOT-2961R-2024	ИОТ РЖД-4100612-ЦТ-273-2022, ред. 23.12.2024 — аварийные схемы локомотивов	https://sudact.ru/law/rasporiazhenie-oao-rzhd-ot-16112022-n-2961r/iot-rzhd-4100612-tst-273-2022/3/3.3/	sudact.ru	CURRENT_OFFICIAL_SAFETY_FRAMEWORK	OFFICIAL_FRAMEWORK	CURRENT_FRAMEWORK_CONFIRMED	2024	LOCOMOTIVES_RZD	RZD_IOT_273	FRAMEWORK_ONLY_LOCAL_APPROVED_SCHEME_REQUIRED	true
ST2-SRC-CHME3-996-CDOCKA	Порядок действий локомотивных бригад по ЧМЭ3 — учебный Q&A по 996/р	https://www.cdocka.ru/test/1034/	cdocka.ru	SECONDARY_996R_TRAINING	ARCHIVED_OFFICIAL	SECONDARY_REQUIRES_PRIMARY_ITEM_CHECK	2024	chme3-base	CHME3_996_SECONDARY	NO_ITEM_ACTION_AUTHORITY	false
ST2-SRC-CHME3-996-SDO	Порядок действий локомотивных бригад по ЧМЭ3 — СДО-derived Q&A	https://xn----8sbk4bhhej.xn--p1ai/порядок-действий-локомотивных-брига-9/	сдо-аспт.рф	SECONDARY_996R_TRAINING	ARCHIVED_OFFICIAL	SECONDARY_REQUIRES_PRIMARY_ITEM_CHECK	2026	chme3-base	CHME3_996_SECONDARY	NO_ITEM_ACTION_AUTHORITY	false
ST2-SRC-CHME3-SUKHONOSOV-2006	Пособие машинисту по устранению неисправностей 2ТЭ10М, 2М62У, ЧМЭ3	https://djvu.online/file/Jz5uzGesWtmL6	djvu.online	HISTORICAL_CREW_TRAINING	HISTORICAL_TRAINING	HISTORICAL_REFERENCE	2006	chme3-base	CHME3_SUKHONOSOV_2006	NO_CURRENT_AUTHORITY_BY_ITSELF	false
ST2-SRC-CHME3-BAV-FORMULARY	Формуляр ЧМЭ3 — практические неисправности и способы	https://www.bav.by/tch-23/270-formulyar-chme-3	bav.by	FIELD_LEGACY_FORMULARY	FIELD_PRACTICE	FIELD_PRACTICE_UNVERIFIED	legacy	chme3-base	CHME3_LEGACY_RECOMMENDATIONS	RESEARCH_ONLY	false
ST2-SRC-CHME3-OLTEP-ELECTRICAL	Неисправности электрооборудования ЧМЭ3 / основные аварийные схемы	https://oltep.narod.ru/neispr/neisp_el.htm	oltep.narod.ru	FIELD_GUIDE	FIELD_PRACTICE	FIELD_PRACTICE_UNVERIFIED	legacy	chme3-base	CHME3_OLTEP	RESEARCH_ONLY	false
ST2-SRC-CHME3-OLTEP-DIESEL	Неисправности дизеля тепловоза ЧМЭ3	https://oltep.narod.ru/neispr/neisp_diz.htm	oltep.narod.ru	FIELD_GUIDE	FIELD_PRACTICE	FIELD_PRACTICE_UNVERIFIED	legacy	chme3-base	CHME3_OLTEP	RESEARCH_ONLY	false
ST2-SRC-CHME3-SCBIST-2018	Тепловоз ЧМЭ3: основные электрические цепи. Поиск причин неисправностей	https://scbist.com/xx2/51294-01-2018-teplovoz-chme3-osnovnye-elektricheskie-cepi-poisk-prichin-neispravnostei.html	scbist.com	TECHNICAL_TRAINING_ARTICLE	HISTORICAL_TRAINING	TRAINING_REFERENCE	2018	chme3-base	CHME3_SCBIST_ELECTRICAL	NO_CURRENT_AUTHORITY_BY_ITSELF	false
ST2-SRC-CHME3-SCBIST-2020	Устранение неисправностей тепловозов ЧМЭ3	https://scbist.com/xx2/52634-01-2020-ustranenie-neispravnostei-teplovozov-chme3.html	scbist.com	TECHNICAL_FIELD_ARTICLE	FIELD_PRACTICE	FIELD_PRACTICE	2020	chme3-base	CHME3_SCBIST_TROUBLE	RESEARCH_ONLY	false
ST2-SRC-CHME3-SCBIST-2023	Электрическая схема тепловоза ЧМЭ3	https://scbist.com/xx2/57922-12-2023-elektricheskaya-shema-teplovoza-chme3.html	scbist.com	TECHNICAL_TRAINING_ARTICLE	HISTORICAL_TRAINING	TRAINING_REFERENCE	2023	chme3-base	CHME3_SCBIST_ELECTRICAL	NO_CURRENT_AUTHORITY_BY_ITSELF	false
ST2-SRC-CHME3-COLLECTION	Сборник документации по ЧМЭ3, включая поиск неисправностей и аварийные схемы	https://scbist.com/tyagovyi-podvizhnoi-sostav/12424-teplovoz-chme3-dokumentaciya-print.html	scbist.com	DOCUMENT_COLLECTION_INDEX	HISTORICAL_TRAINING	DISCOVERY_ONLY	mixed	chme3-base|chme3t-rheostatic|chme3e-electronic	CHME3_COLLECTION_INDEX	DISCOVERY_ONLY	false
ST2-SRC-CHME3-NOTIK-1996-WEB	Тепловозы ЧМЭ3, ЧМЭ3Т, ЧМЭ3Э. Пособие машинисту, 2-е изд.	https://www.sinref.ru/000_uchebniki/05300_transport_jd_teplovozi/170_teplovozi_chme3_chme3t_chme3e_izdanie2_notik_1996/000.htm	sinref.ru	TRAINING_BOOK_MIRROR	HISTORICAL_TRAINING	TRAINING_REFERENCE	1996	chme3-base|chme3t-rheostatic|chme3e-electronic	NOTIK_CHME3_1996	NO_CURRENT_AUTHORITY_BY_ITSELF	false
ST2-SRC-CHME3T-EDB-1997	Реостатный тормоз для тепловозов ЧМЭ3 — работа схемы и возможные неисправности	https://scbist.com/xx2/9161-reostatnyi-tormoz-dlya-teplovozov-chme3.html	scbist.com	TECHNICAL_PUBLICATION	HISTORICAL_TRAINING	PROFILE_SPECIFIC_TECHNICAL_REFERENCE	1997	chme3t-rheostatic	CHME3T_EDB_1997	NO_CURRENT_AUTHORITY_BY_ITSELF	false
ST2-SRC-CHME3T-SCHEMES	Схемы тепловоза ЧМЭ3Т, включая электронные приборы ЭДБ	https://scbist.com/tyagovyi-podvizhnoi-sostav/9560-shemy-teplovoza-chme-3t.html	scbist.com	PROFILE_SCHEME_INDEX	HISTORICAL_TRAINING	DISCOVERY_ONLY	2011	chme3t-rheostatic	CHME3T_SCHEME_INDEX	DISCOVERY_ONLY	false
ST2-SRC-CHME3-LEGACY-COPY	Локомотивной бригаде по устранению неисправностей ЧМЭ3 — публичная legacy-копия с конфликтным происхождением	https://cyberpediasu.com/10x96a5.html	cyberpediasu.com	LEGACY_GUIDE_COPY	HISTORICAL_TRAINING	PROVENANCE_CONFLICT	2004_or_2007_claimed	chme3-base	CHME3_LEGACY_RECOMMENDATIONS	RESEARCH_ONLY_PROVENANCE_CONFLICT	false
ST2-SRC-TEM2-KOVALEV-1980	Тепловоз ТЭМ2. Руководство по эксплуатации и обслуживанию	https://djvu.online/file/TvLMZYqQ8uvMb	djvu.online	HISTORICAL_OPERATION_MANUAL	MANUFACTURER_EXTENDED	HISTORICAL_FACTORY_REFERENCE	1980	tem2-base	TEM2_KOVALEV_1980	NO_CURRENT_AUTHORITY_BY_ITSELF	false
ST2-SRC-TEM2-NOTIK-1980	Электрические схемы тепловозов ТЭМ2 и ТЭМ1	https://djvu.online/file/tYg51BErtgtWQ	djvu.online	HISTORICAL_TRAINING_BOOK	HISTORICAL_TRAINING	TRAINING_REFERENCE	1980	tem2-base	TEM2_NOTIK_1980	NO_CURRENT_AUTHORITY_BY_ITSELF	false
ST2-SRC-TEM2-SCBIST-2009	Цепи управления ТЭМ2: возможные неисправности, способы устранения	https://scbist.com/xx2/28389-04-2009-cepi-upravleniya-elektrovoza-tem2-vozmozhnye-neispravnosti-sposoby-ustraneniya.html	scbist.com	TECHNICAL_TRAINING_ARTICLE	FIELD_PRACTICE	FIELD_PRACTICE	2009	tem2-base	TEM2_CONTROL_FAULTS_2009	RESEARCH_ONLY	false
ST2-SRC-TEM2-VPOEZDKU-2017	Обнаружение и устранение неисправностей в пути следования на ТЭМ2	https://xn--80abla7dhnr.xn--p1ai/обнаружение-и-устранение-неисправно/	впоездку.рф	FIELD_TRAINING_GUIDE	FIELD_PRACTICE	FIELD_PRACTICE_UNVERIFIED	2017	tem2-base	TEM2_FIELD_GUIDE_2017	RESEARCH_ONLY	false
ST2-SRC-TEM2-VUNIVERE	ТЭМ2 — пуск дизеля, назначение блокировок и аварийные способы	https://vunivere.ru/work67618/page4	vunivere.ru	EDUCATIONAL_COPY	FIELD_PRACTICE	UNVERIFIED_COPY	unknown	tem2-base	TEM2_FIELD_ELECTRICAL_COPIES	RESEARCH_ONLY	false
ST2-SRC-TEM2-BOOKSITE-1971	Исторический материал о безопасном способе запуска ТЭМ2 при отказе кнопки пуска	https://www.booksite.ru/tyaga/1971/1971_4.pdf	booksite.ru	HISTORICAL_TECHNICAL_PUBLICATION	HISTORICAL_TRAINING	HISTORICAL_REFERENCE	1971	tem2-base	TEM2_START_1971	NO_CURRENT_AUTHORITY_BY_ITSELF	false
ST2-SRC-TEM2-USTA-2007	Система УСТА на тепловозе ТЭМ2 — аварийный режим	https://scbist.com/xx2/30986-08-2007-sistema-usta-na-teplovoze-tem2.html	scbist.com	MODERNIZATION_TECHNICAL_ARTICLE	HISTORICAL_TRAINING	EXECUTION_SPECIFIC_REFERENCE	2007	tem2-base	TEM2_USTA	ONLY_IF_USTA_EXECUTION_CONFIRMED	false
ST2-SRC-TEM2U-MANUAL-1988-WEB	Тепловоз ТЭМ2У. Руководство по эксплуатации и обслуживанию	https://raillook.com/materialy/transport/jeleznodorojniy/tyagoviy-podvijnoi-sostav/1988-teplovoz-tem2u-rukovodstvo-po-ekspluatatsii-i-obsluzhivaniyu/	raillook.com	MANUFACTURER_MANUAL_MIRROR	MANUFACTURER_EXTENDED	MANUFACTURER_CONFIRMED_HISTORICAL	1988	tem2u-improved	TEM2U_MANUAL_1988	NO_CURRENT_AUTHORITY_BY_ITSELF	false
ST2-SRC-TEM2U-PUBDOC	Электрическая схема ТЭМ2У — публичная копия, включая аварийное питание дизеля	https://pubdoc.ru/doc/360179/e-lektricheskaya-shema-teplovoza-te-m2u	pubdoc.ru	PUBLIC_MANUAL_COPY	MANUFACTURER_EXTENDED	DISCOVERY_ONLY_MIRROR	historical	tem2u-improved	TEM2U_MANUAL_1988	DISCOVERY_ONLY	false
ST2-SRC-TEM-COLLECTION	Сборник документации ТЭМ2/ТЭМ2У с материалом по возможным неисправностям	https://scbist.com/tyagovyi-podvizhnoi-sostav/18966-teplovoz-tem2-tem2u-dokumentaciya.html	scbist.com	DOCUMENT_COLLECTION_INDEX	HISTORICAL_TRAINING	DISCOVERY_ONLY	mixed	tem2-base|tem2u-improved	TEM_COLLECTION_INDEX	DISCOVERY_ONLY	false
ST2-SRC-TEM2-INGENERYI	Неисправности ТЭМ2 — таблица причин и способов устранения	https://ingeneryi.info/teh-n/rzhd-tehnika/teplovozy-tehnika-rzhd/remont-i-regulirovka/1178-neispravnosti-tem2.html	ingeneryi.info	PUBLIC_TECHNICAL_COPY	HISTORICAL_TRAINING	UNVERIFIED_COPY	2017	tem2-base	TEM2_KOVALEV_DERIVED	RESEARCH_ONLY	false
ST2-SRC-BRAKE-3508R-2022	Инструкция по ТО, ремонту и испытанию тормозного оборудования локомотивов, 3508/р	https://meganorm.ru/mega_doc/norm/instrukciya/1/instruktsiya_po_tekhnicheskomu_obsluzhivaniyu_remontu_i.html	meganorm.ru	OFFICIAL_REPAIR_INSTRUCTION_COPY	ARCHIVED_OFFICIAL	OFFICIAL_REPAIR_REFERENCE	2022	LOCOMOTIVES_GENERAL	RZD_BRAKE_3508R	REPAIR_REFERENCE_NOT_AUTOMATIC_DRIVER_ACTION	false
ST2-SRC-TEM2-TECHTRAIN-2020	ТЭМ2/ТЭМ2У — техучёба по электрическим схемам и аварийным схемам	https://ok.ru/club.vlocomotive/topic/150931658058572	ok.ru	SOCIAL_REPOST_TECH_TRAINING	FIELD_PRACTICE	REPOST_UNVERIFIED	2020	tem2-base	TEM2_FIELD_ELECTRICAL_COPIES	RESEARCH_ONLY	false
ST2-SRC-CHME3-SCBIST-PAM	Тепловоз ЧМЭ3 — памятка по неисправностям	https://scbist.com/scb/uploaded/1_chme3_pam.pdf	scbist.com	LEGACY_CREW_GUIDE	FIELD_PRACTICE	FIELD_PRACTICE	legacy	chme3-base	CHME3_SCBIST_PAM	RESEARCH_ONLY	false
